cite_key,source_file,line_number,context
ieee2019,paper/sections/boundaries.tex,3,"IEEE~754 fixes the formats and directions used here~\cite{ieee2019}; standard treatments cover programming consequences, rounding-error analysis, and format semantics~\cite{goldberg1991,wilkinson1963,higham2002,muller2018}, with sharper stability and unit-roundoff distinctions in~\cite{babuska1972,rumplange2016}. Compensated and accurate summation~\cite{kahan1965,neumaier1974,ogita2005}, reproducible reductions~\cite{demmel2013}, and superaccumulators~\cite{neal2015} preserve information or recover an exact total for a chosen whole computation. Theorem~\ref{thm:separator} instead fixes a module boundary and asks which distinctions every allowed continuation can observe."
goldberg1991,paper/sections/boundaries.tex,3,"IEEE~754 fixes the formats and directions used here~\cite{ieee2019}; standard treatments cover programming consequences, rounding-error analysis, and format semantics~\cite{goldberg1991,wilkinson1963,higham2002,muller2018}, with sharper stability and unit-roundoff distinctions in~\cite{babuska1972,rumplange2016}. Compensated and accurate summation~\cite{kahan1965,neumaier1974,ogita2005}, reproducible reductions~\cite{demmel2013}, and superaccumulators~\cite{neal2015} preserve information or recover an exact total for a chosen whole computation. Theorem~\ref{thm:separator} instead fixes a module boundary and asks which distinctions every allowed continuation can observe."
wilkinson1963,paper/sections/boundaries.tex,3,"IEEE~754 fixes the formats and directions used here~\cite{ieee2019}; standard treatments cover programming consequences, rounding-error analysis, and format semantics~\cite{goldberg1991,wilkinson1963,higham2002,muller2018}, with sharper stability and unit-roundoff distinctions in~\cite{babuska1972,rumplange2016}. Compensated and accurate summation~\cite{kahan1965,neumaier1974,ogita2005}, reproducible reductions~\cite{demmel2013}, and superaccumulators~\cite{neal2015} preserve information or recover an exact total for a chosen whole computation. Theorem~\ref{thm:separator} instead fixes a module boundary and asks which distinctions every allowed continuation can observe."
higham2002,paper/sections/boundaries.tex,3,"IEEE~754 fixes the formats and directions used here~\cite{ieee2019}; standard treatments cover programming consequences, rounding-error analysis, and format semantics~\cite{goldberg1991,wilkinson1963,higham2002,muller2018}, with sharper stability and unit-roundoff distinctions in~\cite{babuska1972,rumplange2016}. Compensated and accurate summation~\cite{kahan1965,neumaier1974,ogita2005}, reproducible reductions~\cite{demmel2013}, and superaccumulators~\cite{neal2015} preserve information or recover an exact total for a chosen whole computation. Theorem~\ref{thm:separator} instead fixes a module boundary and asks which distinctions every allowed continuation can observe."
muller2018,paper/sections/boundaries.tex,3,"IEEE~754 fixes the formats and directions used here~\cite{ieee2019}; standard treatments cover programming consequences, rounding-error analysis, and format semantics~\cite{goldberg1991,wilkinson1963,higham2002,muller2018}, with sharper stability and unit-roundoff distinctions in~\cite{babuska1972,rumplange2016}. Compensated and accurate summation~\cite{kahan1965,neumaier1974,ogita2005}, reproducible reductions~\cite{demmel2013}, and superaccumulators~\cite{neal2015} preserve information or recover an exact total for a chosen whole computation. Theorem~\ref{thm:separator} instead fixes a module boundary and asks which distinctions every allowed continuation can observe."
babuska1972,paper/sections/boundaries.tex,3,"IEEE~754 fixes the formats and directions used here~\cite{ieee2019}; standard treatments cover programming consequences, rounding-error analysis, and format semantics~\cite{goldberg1991,wilkinson1963,higham2002,muller2018}, with sharper stability and unit-roundoff distinctions in~\cite{babuska1972,rumplange2016}. Compensated and accurate summation~\cite{kahan1965,neumaier1974,ogita2005}, reproducible reductions~\cite{demmel2013}, and superaccumulators~\cite{neal2015} preserve information or recover an exact total for a chosen whole computation. Theorem~\ref{thm:separator} instead fixes a module boundary and asks which distinctions every allowed continuation can observe."
rumplange2016,paper/sections/boundaries.tex,3,"IEEE~754 fixes the formats and directions used here~\cite{ieee2019}; standard treatments cover programming consequences, rounding-error analysis, and format semantics~\cite{goldberg1991,wilkinson1963,higham2002,muller2018}, with sharper stability and unit-roundoff distinctions in~\cite{babuska1972,rumplange2016}. Compensated and accurate summation~\cite{kahan1965,neumaier1974,ogita2005}, reproducible reductions~\cite{demmel2013}, and superaccumulators~\cite{neal2015} preserve information or recover an exact total for a chosen whole computation. Theorem~\ref{thm:separator} instead fixes a module boundary and asks which distinctions every allowed continuation can observe."
kahan1965,paper/sections/boundaries.tex,3,"IEEE~754 fixes the formats and directions used here~\cite{ieee2019}; standard treatments cover programming consequences, rounding-error analysis, and format semantics~\cite{goldberg1991,wilkinson1963,higham2002,muller2018}, with sharper stability and unit-roundoff distinctions in~\cite{babuska1972,rumplange2016}. Compensated and accurate summation~\cite{kahan1965,neumaier1974,ogita2005}, reproducible reductions~\cite{demmel2013}, and superaccumulators~\cite{neal2015} preserve information or recover an exact total for a chosen whole computation. Theorem~\ref{thm:separator} instead fixes a module boundary and asks which distinctions every allowed continuation can observe."
neumaier1974,paper/sections/boundaries.tex,3,"IEEE~754 fixes the formats and directions used here~\cite{ieee2019}; standard treatments cover programming consequences, rounding-error analysis, and format semantics~\cite{goldberg1991,wilkinson1963,higham2002,muller2018}, with sharper stability and unit-roundoff distinctions in~\cite{babuska1972,rumplange2016}. Compensated and accurate summation~\cite{kahan1965,neumaier1974,ogita2005}, reproducible reductions~\cite{demmel2013}, and superaccumulators~\cite{neal2015} preserve information or recover an exact total for a chosen whole computation. Theorem~\ref{thm:separator} instead fixes a module boundary and asks which distinctions every allowed continuation can observe."
ogita2005,paper/sections/boundaries.tex,3,"IEEE~754 fixes the formats and directions used here~\cite{ieee2019}; standard treatments cover programming consequences, rounding-error analysis, and format semantics~\cite{goldberg1991,wilkinson1963,higham2002,muller2018}, with sharper stability and unit-roundoff distinctions in~\cite{babuska1972,rumplange2016}. Compensated and accurate summation~\cite{kahan1965,neumaier1974,ogita2005}, reproducible reductions~\cite{demmel2013}, and superaccumulators~\cite{neal2015} preserve information or recover an exact total for a chosen whole computation. Theorem~\ref{thm:separator} instead fixes a module boundary and asks which distinctions every allowed continuation can observe."
demmel2013,paper/sections/boundaries.tex,3,"IEEE~754 fixes the formats and directions used here~\cite{ieee2019}; standard treatments cover programming consequences, rounding-error analysis, and format semantics~\cite{goldberg1991,wilkinson1963,higham2002,muller2018}, with sharper stability and unit-roundoff distinctions in~\cite{babuska1972,rumplange2016}. Compensated and accurate summation~\cite{kahan1965,neumaier1974,ogita2005}, reproducible reductions~\cite{demmel2013}, and superaccumulators~\cite{neal2015} preserve information or recover an exact total for a chosen whole computation. Theorem~\ref{thm:separator} instead fixes a module boundary and asks which distinctions every allowed continuation can observe."
neal2015,paper/sections/boundaries.tex,3,"IEEE~754 fixes the formats and directions used here~\cite{ieee2019}; standard treatments cover programming consequences, rounding-error analysis, and format semantics~\cite{goldberg1991,wilkinson1963,higham2002,muller2018}, with sharper stability and unit-roundoff distinctions in~\cite{babuska1972,rumplange2016}. Compensated and accurate summation~\cite{kahan1965,neumaier1974,ogita2005}, reproducible reductions~\cite{demmel2013}, and superaccumulators~\cite{neal2015} preserve information or recover an exact total for a chosen whole computation. Theorem~\ref{thm:separator} instead fixes a module boundary and asks which distinctions every allowed continuation can observe."
moller1965,paper/sections/boundaries.tex,5,"Early error-free arithmetic is due to M\o{}ller and Dekker~\cite{moller1965,dekker1971}. Priest and Shewchuk developed expansions and robust predicates~\cite{priest1991,shewchuk1997}. Later work studies 2Sum and Fast2Sum, verified renormalization, and double-word bounds~\cite{boldo2017twosum,boldo2017renorm,joldes2017,muller2022}; Park, Lim, and Nagarakatte broaden FastTwoSum conditions and give round-to-odd constructions~\cite{park2026}. FMA analysis, quad-double arithmetic, and extended- and mixed-precision BLAS provide related components~\cite{boldo2011fma,hida2001,li2002}, while MPFR and Arb provide reference arithmetic~\cite{fousse2007,johansson2017}. Our split~\eqref{eq:split} is semantic: Theorem~\ref{thm:alphabet} characterizes residual storage, not an instruction sequence."
dekker1971,paper/sections/boundaries.tex,5,"Early error-free arithmetic is due to M\o{}ller and Dekker~\cite{moller1965,dekker1971}. Priest and Shewchuk developed expansions and robust predicates~\cite{priest1991,shewchuk1997}. Later work studies 2Sum and Fast2Sum, verified renormalization, and double-word bounds~\cite{boldo2017twosum,boldo2017renorm,joldes2017,muller2022}; Park, Lim, and Nagarakatte broaden FastTwoSum conditions and give round-to-odd constructions~\cite{park2026}. FMA analysis, quad-double arithmetic, and extended- and mixed-precision BLAS provide related components~\cite{boldo2011fma,hida2001,li2002}, while MPFR and Arb provide reference arithmetic~\cite{fousse2007,johansson2017}. Our split~\eqref{eq:split} is semantic: Theorem~\ref{thm:alphabet} characterizes residual storage, not an instruction sequence."
priest1991,paper/sections/boundaries.tex,5,"Early error-free arithmetic is due to M\o{}ller and Dekker~\cite{moller1965,dekker1971}. Priest and Shewchuk developed expansions and robust predicates~\cite{priest1991,shewchuk1997}. Later work studies 2Sum and Fast2Sum, verified renormalization, and double-word bounds~\cite{boldo2017twosum,boldo2017renorm,joldes2017,muller2022}; Park, Lim, and Nagarakatte broaden FastTwoSum conditions and give round-to-odd constructions~\cite{park2026}. FMA analysis, quad-double arithmetic, and extended- and mixed-precision BLAS provide related components~\cite{boldo2011fma,hida2001,li2002}, while MPFR and Arb provide reference arithmetic~\cite{fousse2007,johansson2017}. Our split~\eqref{eq:split} is semantic: Theorem~\ref{thm:alphabet} characterizes residual storage, not an instruction sequence."
shewchuk1997,paper/sections/boundaries.tex,5,"Early error-free arithmetic is due to M\o{}ller and Dekker~\cite{moller1965,dekker1971}. Priest and Shewchuk developed expansions and robust predicates~\cite{priest1991,shewchuk1997}. Later work studies 2Sum and Fast2Sum, verified renormalization, and double-word bounds~\cite{boldo2017twosum,boldo2017renorm,joldes2017,muller2022}; Park, Lim, and Nagarakatte broaden FastTwoSum conditions and give round-to-odd constructions~\cite{park2026}. FMA analysis, quad-double arithmetic, and extended- and mixed-precision BLAS provide related components~\cite{boldo2011fma,hida2001,li2002}, while MPFR and Arb provide reference arithmetic~\cite{fousse2007,johansson2017}. Our split~\eqref{eq:split} is semantic: Theorem~\ref{thm:alphabet} characterizes residual storage, not an instruction sequence."
boldo2017twosum,paper/sections/boundaries.tex,5,"Early error-free arithmetic is due to M\o{}ller and Dekker~\cite{moller1965,dekker1971}. Priest and Shewchuk developed expansions and robust predicates~\cite{priest1991,shewchuk1997}. Later work studies 2Sum and Fast2Sum, verified renormalization, and double-word bounds~\cite{boldo2017twosum,boldo2017renorm,joldes2017,muller2022}; Park, Lim, and Nagarakatte broaden FastTwoSum conditions and give round-to-odd constructions~\cite{park2026}. FMA analysis, quad-double arithmetic, and extended- and mixed-precision BLAS provide related components~\cite{boldo2011fma,hida2001,li2002}, while MPFR and Arb provide reference arithmetic~\cite{fousse2007,johansson2017}. Our split~\eqref{eq:split} is semantic: Theorem~\ref{thm:alphabet} characterizes residual storage, not an instruction sequence."
boldo2017renorm,paper/sections/boundaries.tex,5,"Early error-free arithmetic is due to M\o{}ller and Dekker~\cite{moller1965,dekker1971}. Priest and Shewchuk developed expansions and robust predicates~\cite{priest1991,shewchuk1997}. Later work studies 2Sum and Fast2Sum, verified renormalization, and double-word bounds~\cite{boldo2017twosum,boldo2017renorm,joldes2017,muller2022}; Park, Lim, and Nagarakatte broaden FastTwoSum conditions and give round-to-odd constructions~\cite{park2026}. FMA analysis, quad-double arithmetic, and extended- and mixed-precision BLAS provide related components~\cite{boldo2011fma,hida2001,li2002}, while MPFR and Arb provide reference arithmetic~\cite{fousse2007,johansson2017}. Our split~\eqref{eq:split} is semantic: Theorem~\ref{thm:alphabet} characterizes residual storage, not an instruction sequence."
joldes2017,paper/sections/boundaries.tex,5,"Early error-free arithmetic is due to M\o{}ller and Dekker~\cite{moller1965,dekker1971}. Priest and Shewchuk developed expansions and robust predicates~\cite{priest1991,shewchuk1997}. Later work studies 2Sum and Fast2Sum, verified renormalization, and double-word bounds~\cite{boldo2017twosum,boldo2017renorm,joldes2017,muller2022}; Park, Lim, and Nagarakatte broaden FastTwoSum conditions and give round-to-odd constructions~\cite{park2026}. FMA analysis, quad-double arithmetic, and extended- and mixed-precision BLAS provide related components~\cite{boldo2011fma,hida2001,li2002}, while MPFR and Arb provide reference arithmetic~\cite{fousse2007,johansson2017}. Our split~\eqref{eq:split} is semantic: Theorem~\ref{thm:alphabet} characterizes residual storage, not an instruction sequence."
muller2022,paper/sections/boundaries.tex,5,"Early error-free arithmetic is due to M\o{}ller and Dekker~\cite{moller1965,dekker1971}. Priest and Shewchuk developed expansions and robust predicates~\cite{priest1991,shewchuk1997}. Later work studies 2Sum and Fast2Sum, verified renormalization, and double-word bounds~\cite{boldo2017twosum,boldo2017renorm,joldes2017,muller2022}; Park, Lim, and Nagarakatte broaden FastTwoSum conditions and give round-to-odd constructions~\cite{park2026}. FMA analysis, quad-double arithmetic, and extended- and mixed-precision BLAS provide related components~\cite{boldo2011fma,hida2001,li2002}, while MPFR and Arb provide reference arithmetic~\cite{fousse2007,johansson2017}. Our split~\eqref{eq:split} is semantic: Theorem~\ref{thm:alphabet} characterizes residual storage, not an instruction sequence."
park2026,paper/sections/boundaries.tex,5,"Early error-free arithmetic is due to M\o{}ller and Dekker~\cite{moller1965,dekker1971}. Priest and Shewchuk developed expansions and robust predicates~\cite{priest1991,shewchuk1997}. Later work studies 2Sum and Fast2Sum, verified renormalization, and double-word bounds~\cite{boldo2017twosum,boldo2017renorm,joldes2017,muller2022}; Park, Lim, and Nagarakatte broaden FastTwoSum conditions and give round-to-odd constructions~\cite{park2026}. FMA analysis, quad-double arithmetic, and extended- and mixed-precision BLAS provide related components~\cite{boldo2011fma,hida2001,li2002}, while MPFR and Arb provide reference arithmetic~\cite{fousse2007,johansson2017}. Our split~\eqref{eq:split} is semantic: Theorem~\ref{thm:alphabet} characterizes residual storage, not an instruction sequence."
boldo2011fma,paper/sections/boundaries.tex,5,"Early error-free arithmetic is due to M\o{}ller and Dekker~\cite{moller1965,dekker1971}. Priest and Shewchuk developed expansions and robust predicates~\cite{priest1991,shewchuk1997}. Later work studies 2Sum and Fast2Sum, verified renormalization, and double-word bounds~\cite{boldo2017twosum,boldo2017renorm,joldes2017,muller2022}; Park, Lim, and Nagarakatte broaden FastTwoSum conditions and give round-to-odd constructions~\cite{park2026}. FMA analysis, quad-double arithmetic, and extended- and mixed-precision BLAS provide related components~\cite{boldo2011fma,hida2001,li2002}, while MPFR and Arb provide reference arithmetic~\cite{fousse2007,johansson2017}. Our split~\eqref{eq:split} is semantic: Theorem~\ref{thm:alphabet} characterizes residual storage, not an instruction sequence."
hida2001,paper/sections/boundaries.tex,5,"Early error-free arithmetic is due to M\o{}ller and Dekker~\cite{moller1965,dekker1971}. Priest and Shewchuk developed expansions and robust predicates~\cite{priest1991,shewchuk1997}. Later work studies 2Sum and Fast2Sum, verified renormalization, and double-word bounds~\cite{boldo2017twosum,boldo2017renorm,joldes2017,muller2022}; Park, Lim, and Nagarakatte broaden FastTwoSum conditions and give round-to-odd constructions~\cite{park2026}. FMA analysis, quad-double arithmetic, and extended- and mixed-precision BLAS provide related components~\cite{boldo2011fma,hida2001,li2002}, while MPFR and Arb provide reference arithmetic~\cite{fousse2007,johansson2017}. Our split~\eqref{eq:split} is semantic: Theorem~\ref{thm:alphabet} characterizes residual storage, not an instruction sequence."
li2002,paper/sections/boundaries.tex,5,"Early error-free arithmetic is due to M\o{}ller and Dekker~\cite{moller1965,dekker1971}. Priest and Shewchuk developed expansions and robust predicates~\cite{priest1991,shewchuk1997}. Later work studies 2Sum and Fast2Sum, verified renormalization, and double-word bounds~\cite{boldo2017twosum,boldo2017renorm,joldes2017,muller2022}; Park, Lim, and Nagarakatte broaden FastTwoSum conditions and give round-to-odd constructions~\cite{park2026}. FMA analysis, quad-double arithmetic, and extended- and mixed-precision BLAS provide related components~\cite{boldo2011fma,hida2001,li2002}, while MPFR and Arb provide reference arithmetic~\cite{fousse2007,johansson2017}. Our split~\eqref{eq:split} is semantic: Theorem~\ref{thm:alphabet} characterizes residual storage, not an instruction sequence."
fousse2007,paper/sections/boundaries.tex,5,"Early error-free arithmetic is due to M\o{}ller and Dekker~\cite{moller1965,dekker1971}. Priest and Shewchuk developed expansions and robust predicates~\cite{priest1991,shewchuk1997}. Later work studies 2Sum and Fast2Sum, verified renormalization, and double-word bounds~\cite{boldo2017twosum,boldo2017renorm,joldes2017,muller2022}; Park, Lim, and Nagarakatte broaden FastTwoSum conditions and give round-to-odd constructions~\cite{park2026}. FMA analysis, quad-double arithmetic, and extended- and mixed-precision BLAS provide related components~\cite{boldo2011fma,hida2001,li2002}, while MPFR and Arb provide reference arithmetic~\cite{fousse2007,johansson2017}. Our split~\eqref{eq:split} is semantic: Theorem~\ref{thm:alphabet} characterizes residual storage, not an instruction sequence."
johansson2017,paper/sections/boundaries.tex,5,"Early error-free arithmetic is due to M\o{}ller and Dekker~\cite{moller1965,dekker1971}. Priest and Shewchuk developed expansions and robust predicates~\cite{priest1991,shewchuk1997}. Later work studies 2Sum and Fast2Sum, verified renormalization, and double-word bounds~\cite{boldo2017twosum,boldo2017renorm,joldes2017,muller2022}; Park, Lim, and Nagarakatte broaden FastTwoSum conditions and give round-to-odd constructions~\cite{park2026}. FMA analysis, quad-double arithmetic, and extended- and mixed-precision BLAS provide related components~\cite{boldo2011fma,hida2001,li2002}, while MPFR and Arb provide reference arithmetic~\cite{fousse2007,johansson2017}. Our split~\eqref{eq:split} is semantic: Theorem~\ref{thm:alphabet} characterizes residual storage, not an instruction sequence."
boldo2011flocq,paper/sections/boundaries.tex,8,"Flocq, Coq integration, and Gappa formalize floating-point semantics and certified bounds~\cite{boldo2011flocq,melquiond2012,daumas2010,dedinechin2011}. Tiered SMT reasoning and source/execution caveats appear in~\cite{conchon2017,monniaux2008}; Stainless now handles a Scala subset with bit-accurate floating-point reasoning~\cite{gilot2026stainless}. FPTaylor and Daisy derive bounds or compile real specifications~\cite{solovyev2015,darulova2014}, whereas Precimonious and Herbie search precisions or rewrites~\cite{rubio2013,panchekha2015}. Relational domains include floating-point polyhedra, interval slopes, and TVPI~\cite{chen2008,chapoutot2010,rivera2024}; Z3, MathSAT5, cvc5, Bitwuzla, and abstraction-guided bit-blasting provide adjacent solving technology~\cite{demoura2008,cimatti2013,barbosa2022,niemetz2023,niemetz2024}. Proposition~\ref{prop:encoding} states only a fixed guarded QF-LIA encoding; the artifact runs no solver."
melquiond2012,paper/sections/boundaries.tex,8,"Flocq, Coq integration, and Gappa formalize floating-point semantics and certified bounds~\cite{boldo2011flocq,melquiond2012,daumas2010,dedinechin2011}. Tiered SMT reasoning and source/execution caveats appear in~\cite{conchon2017,monniaux2008}; Stainless now handles a Scala subset with bit-accurate floating-point reasoning~\cite{gilot2026stainless}. FPTaylor and Daisy derive bounds or compile real specifications~\cite{solovyev2015,darulova2014}, whereas Precimonious and Herbie search precisions or rewrites~\cite{rubio2013,panchekha2015}. Relational domains include floating-point polyhedra, interval slopes, and TVPI~\cite{chen2008,chapoutot2010,rivera2024}; Z3, MathSAT5, cvc5, Bitwuzla, and abstraction-guided bit-blasting provide adjacent solving technology~\cite{demoura2008,cimatti2013,barbosa2022,niemetz2023,niemetz2024}. Proposition~\ref{prop:encoding} states only a fixed guarded QF-LIA encoding; the artifact runs no solver."
daumas2010,paper/sections/boundaries.tex,8,"Flocq, Coq integration, and Gappa formalize floating-point semantics and certified bounds~\cite{boldo2011flocq,melquiond2012,daumas2010,dedinechin2011}. Tiered SMT reasoning and source/execution caveats appear in~\cite{conchon2017,monniaux2008}; Stainless now handles a Scala subset with bit-accurate floating-point reasoning~\cite{gilot2026stainless}. FPTaylor and Daisy derive bounds or compile real specifications~\cite{solovyev2015,darulova2014}, whereas Precimonious and Herbie search precisions or rewrites~\cite{rubio2013,panchekha2015}. Relational domains include floating-point polyhedra, interval slopes, and TVPI~\cite{chen2008,chapoutot2010,rivera2024}; Z3, MathSAT5, cvc5, Bitwuzla, and abstraction-guided bit-blasting provide adjacent solving technology~\cite{demoura2008,cimatti2013,barbosa2022,niemetz2023,niemetz2024}. Proposition~\ref{prop:encoding} states only a fixed guarded QF-LIA encoding; the artifact runs no solver."
dedinechin2011,paper/sections/boundaries.tex,8,"Flocq, Coq integration, and Gappa formalize floating-point semantics and certified bounds~\cite{boldo2011flocq,melquiond2012,daumas2010,dedinechin2011}. Tiered SMT reasoning and source/execution caveats appear in~\cite{conchon2017,monniaux2008}; Stainless now handles a Scala subset with bit-accurate floating-point reasoning~\cite{gilot2026stainless}. FPTaylor and Daisy derive bounds or compile real specifications~\cite{solovyev2015,darulova2014}, whereas Precimonious and Herbie search precisions or rewrites~\cite{rubio2013,panchekha2015}. Relational domains include floating-point polyhedra, interval slopes, and TVPI~\cite{chen2008,chapoutot2010,rivera2024}; Z3, MathSAT5, cvc5, Bitwuzla, and abstraction-guided bit-blasting provide adjacent solving technology~\cite{demoura2008,cimatti2013,barbosa2022,niemetz2023,niemetz2024}. Proposition~\ref{prop:encoding} states only a fixed guarded QF-LIA encoding; the artifact runs no solver."
conchon2017,paper/sections/boundaries.tex,8,"Flocq, Coq integration, and Gappa formalize floating-point semantics and certified bounds~\cite{boldo2011flocq,melquiond2012,daumas2010,dedinechin2011}. Tiered SMT reasoning and source/execution caveats appear in~\cite{conchon2017,monniaux2008}; Stainless now handles a Scala subset with bit-accurate floating-point reasoning~\cite{gilot2026stainless}. FPTaylor and Daisy derive bounds or compile real specifications~\cite{solovyev2015,darulova2014}, whereas Precimonious and Herbie search precisions or rewrites~\cite{rubio2013,panchekha2015}. Relational domains include floating-point polyhedra, interval slopes, and TVPI~\cite{chen2008,chapoutot2010,rivera2024}; Z3, MathSAT5, cvc5, Bitwuzla, and abstraction-guided bit-blasting provide adjacent solving technology~\cite{demoura2008,cimatti2013,barbosa2022,niemetz2023,niemetz2024}. Proposition~\ref{prop:encoding} states only a fixed guarded QF-LIA encoding; the artifact runs no solver."
monniaux2008,paper/sections/boundaries.tex,8,"Flocq, Coq integration, and Gappa formalize floating-point semantics and certified bounds~\cite{boldo2011flocq,melquiond2012,daumas2010,dedinechin2011}. Tiered SMT reasoning and source/execution caveats appear in~\cite{conchon2017,monniaux2008}; Stainless now handles a Scala subset with bit-accurate floating-point reasoning~\cite{gilot2026stainless}. FPTaylor and Daisy derive bounds or compile real specifications~\cite{solovyev2015,darulova2014}, whereas Precimonious and Herbie search precisions or rewrites~\cite{rubio2013,panchekha2015}. Relational domains include floating-point polyhedra, interval slopes, and TVPI~\cite{chen2008,chapoutot2010,rivera2024}; Z3, MathSAT5, cvc5, Bitwuzla, and abstraction-guided bit-blasting provide adjacent solving technology~\cite{demoura2008,cimatti2013,barbosa2022,niemetz2023,niemetz2024}. Proposition~\ref{prop:encoding} states only a fixed guarded QF-LIA encoding; the artifact runs no solver."
gilot2026stainless,paper/sections/boundaries.tex,8,"Flocq, Coq integration, and Gappa formalize floating-point semantics and certified bounds~\cite{boldo2011flocq,melquiond2012,daumas2010,dedinechin2011}. Tiered SMT reasoning and source/execution caveats appear in~\cite{conchon2017,monniaux2008}; Stainless now handles a Scala subset with bit-accurate floating-point reasoning~\cite{gilot2026stainless}. FPTaylor and Daisy derive bounds or compile real specifications~\cite{solovyev2015,darulova2014}, whereas Precimonious and Herbie search precisions or rewrites~\cite{rubio2013,panchekha2015}. Relational domains include floating-point polyhedra, interval slopes, and TVPI~\cite{chen2008,chapoutot2010,rivera2024}; Z3, MathSAT5, cvc5, Bitwuzla, and abstraction-guided bit-blasting provide adjacent solving technology~\cite{demoura2008,cimatti2013,barbosa2022,niemetz2023,niemetz2024}. Proposition~\ref{prop:encoding} states only a fixed guarded QF-LIA encoding; the artifact runs no solver."
solovyev2015,paper/sections/boundaries.tex,8,"Flocq, Coq integration, and Gappa formalize floating-point semantics and certified bounds~\cite{boldo2011flocq,melquiond2012,daumas2010,dedinechin2011}. Tiered SMT reasoning and source/execution caveats appear in~\cite{conchon2017,monniaux2008}; Stainless now handles a Scala subset with bit-accurate floating-point reasoning~\cite{gilot2026stainless}. FPTaylor and Daisy derive bounds or compile real specifications~\cite{solovyev2015,darulova2014}, whereas Precimonious and Herbie search precisions or rewrites~\cite{rubio2013,panchekha2015}. Relational domains include floating-point polyhedra, interval slopes, and TVPI~\cite{chen2008,chapoutot2010,rivera2024}; Z3, MathSAT5, cvc5, Bitwuzla, and abstraction-guided bit-blasting provide adjacent solving technology~\cite{demoura2008,cimatti2013,barbosa2022,niemetz2023,niemetz2024}. Proposition~\ref{prop:encoding} states only a fixed guarded QF-LIA encoding; the artifact runs no solver."
darulova2014,paper/sections/boundaries.tex,8,"Flocq, Coq integration, and Gappa formalize floating-point semantics and certified bounds~\cite{boldo2011flocq,melquiond2012,daumas2010,dedinechin2011}. Tiered SMT reasoning and source/execution caveats appear in~\cite{conchon2017,monniaux2008}; Stainless now handles a Scala subset with bit-accurate floating-point reasoning~\cite{gilot2026stainless}. FPTaylor and Daisy derive bounds or compile real specifications~\cite{solovyev2015,darulova2014}, whereas Precimonious and Herbie search precisions or rewrites~\cite{rubio2013,panchekha2015}. Relational domains include floating-point polyhedra, interval slopes, and TVPI~\cite{chen2008,chapoutot2010,rivera2024}; Z3, MathSAT5, cvc5, Bitwuzla, and abstraction-guided bit-blasting provide adjacent solving technology~\cite{demoura2008,cimatti2013,barbosa2022,niemetz2023,niemetz2024}. Proposition~\ref{prop:encoding} states only a fixed guarded QF-LIA encoding; the artifact runs no solver."
rubio2013,paper/sections/boundaries.tex,8,"Flocq, Coq integration, and Gappa formalize floating-point semantics and certified bounds~\cite{boldo2011flocq,melquiond2012,daumas2010,dedinechin2011}. Tiered SMT reasoning and source/execution caveats appear in~\cite{conchon2017,monniaux2008}; Stainless now handles a Scala subset with bit-accurate floating-point reasoning~\cite{gilot2026stainless}. FPTaylor and Daisy derive bounds or compile real specifications~\cite{solovyev2015,darulova2014}, whereas Precimonious and Herbie search precisions or rewrites~\cite{rubio2013,panchekha2015}. Relational domains include floating-point polyhedra, interval slopes, and TVPI~\cite{chen2008,chapoutot2010,rivera2024}; Z3, MathSAT5, cvc5, Bitwuzla, and abstraction-guided bit-blasting provide adjacent solving technology~\cite{demoura2008,cimatti2013,barbosa2022,niemetz2023,niemetz2024}. Proposition~\ref{prop:encoding} states only a fixed guarded QF-LIA encoding; the artifact runs no solver."
panchekha2015,paper/sections/boundaries.tex,8,"Flocq, Coq integration, and Gappa formalize floating-point semantics and certified bounds~\cite{boldo2011flocq,melquiond2012,daumas2010,dedinechin2011}. Tiered SMT reasoning and source/execution caveats appear in~\cite{conchon2017,monniaux2008}; Stainless now handles a Scala subset with bit-accurate floating-point reasoning~\cite{gilot2026stainless}. FPTaylor and Daisy derive bounds or compile real specifications~\cite{solovyev2015,darulova2014}, whereas Precimonious and Herbie search precisions or rewrites~\cite{rubio2013,panchekha2015}. Relational domains include floating-point polyhedra, interval slopes, and TVPI~\cite{chen2008,chapoutot2010,rivera2024}; Z3, MathSAT5, cvc5, Bitwuzla, and abstraction-guided bit-blasting provide adjacent solving technology~\cite{demoura2008,cimatti2013,barbosa2022,niemetz2023,niemetz2024}. Proposition~\ref{prop:encoding} states only a fixed guarded QF-LIA encoding; the artifact runs no solver."
chen2008,paper/sections/boundaries.tex,8,"Flocq, Coq integration, and Gappa formalize floating-point semantics and certified bounds~\cite{boldo2011flocq,melquiond2012,daumas2010,dedinechin2011}. Tiered SMT reasoning and source/execution caveats appear in~\cite{conchon2017,monniaux2008}; Stainless now handles a Scala subset with bit-accurate floating-point reasoning~\cite{gilot2026stainless}. FPTaylor and Daisy derive bounds or compile real specifications~\cite{solovyev2015,darulova2014}, whereas Precimonious and Herbie search precisions or rewrites~\cite{rubio2013,panchekha2015}. Relational domains include floating-point polyhedra, interval slopes, and TVPI~\cite{chen2008,chapoutot2010,rivera2024}; Z3, MathSAT5, cvc5, Bitwuzla, and abstraction-guided bit-blasting provide adjacent solving technology~\cite{demoura2008,cimatti2013,barbosa2022,niemetz2023,niemetz2024}. Proposition~\ref{prop:encoding} states only a fixed guarded QF-LIA encoding; the artifact runs no solver."
chapoutot2010,paper/sections/boundaries.tex,8,"Flocq, Coq integration, and Gappa formalize floating-point semantics and certified bounds~\cite{boldo2011flocq,melquiond2012,daumas2010,dedinechin2011}. Tiered SMT reasoning and source/execution caveats appear in~\cite{conchon2017,monniaux2008}; Stainless now handles a Scala subset with bit-accurate floating-point reasoning~\cite{gilot2026stainless}. FPTaylor and Daisy derive bounds or compile real specifications~\cite{solovyev2015,darulova2014}, whereas Precimonious and Herbie search precisions or rewrites~\cite{rubio2013,panchekha2015}. Relational domains include floating-point polyhedra, interval slopes, and TVPI~\cite{chen2008,chapoutot2010,rivera2024}; Z3, MathSAT5, cvc5, Bitwuzla, and abstraction-guided bit-blasting provide adjacent solving technology~\cite{demoura2008,cimatti2013,barbosa2022,niemetz2023,niemetz2024}. Proposition~\ref{prop:encoding} states only a fixed guarded QF-LIA encoding; the artifact runs no solver."
rivera2024,paper/sections/boundaries.tex,8,"Flocq, Coq integration, and Gappa formalize floating-point semantics and certified bounds~\cite{boldo2011flocq,melquiond2012,daumas2010,dedinechin2011}. Tiered SMT reasoning and source/execution caveats appear in~\cite{conchon2017,monniaux2008}; Stainless now handles a Scala subset with bit-accurate floating-point reasoning~\cite{gilot2026stainless}. FPTaylor and Daisy derive bounds or compile real specifications~\cite{solovyev2015,darulova2014}, whereas Precimonious and Herbie search precisions or rewrites~\cite{rubio2013,panchekha2015}. Relational domains include floating-point polyhedra, interval slopes, and TVPI~\cite{chen2008,chapoutot2010,rivera2024}; Z3, MathSAT5, cvc5, Bitwuzla, and abstraction-guided bit-blasting provide adjacent solving technology~\cite{demoura2008,cimatti2013,barbosa2022,niemetz2023,niemetz2024}. Proposition~\ref{prop:encoding} states only a fixed guarded QF-LIA encoding; the artifact runs no solver."
demoura2008,paper/sections/boundaries.tex,8,"Flocq, Coq integration, and Gappa formalize floating-point semantics and certified bounds~\cite{boldo2011flocq,melquiond2012,daumas2010,dedinechin2011}. Tiered SMT reasoning and source/execution caveats appear in~\cite{conchon2017,monniaux2008}; Stainless now handles a Scala subset with bit-accurate floating-point reasoning~\cite{gilot2026stainless}. FPTaylor and Daisy derive bounds or compile real specifications~\cite{solovyev2015,darulova2014}, whereas Precimonious and Herbie search precisions or rewrites~\cite{rubio2013,panchekha2015}. Relational domains include floating-point polyhedra, interval slopes, and TVPI~\cite{chen2008,chapoutot2010,rivera2024}; Z3, MathSAT5, cvc5, Bitwuzla, and abstraction-guided bit-blasting provide adjacent solving technology~\cite{demoura2008,cimatti2013,barbosa2022,niemetz2023,niemetz2024}. Proposition~\ref{prop:encoding} states only a fixed guarded QF-LIA encoding; the artifact runs no solver."
cimatti2013,paper/sections/boundaries.tex,8,"Flocq, Coq integration, and Gappa formalize floating-point semantics and certified bounds~\cite{boldo2011flocq,melquiond2012,daumas2010,dedinechin2011}. Tiered SMT reasoning and source/execution caveats appear in~\cite{conchon2017,monniaux2008}; Stainless now handles a Scala subset with bit-accurate floating-point reasoning~\cite{gilot2026stainless}. FPTaylor and Daisy derive bounds or compile real specifications~\cite{solovyev2015,darulova2014}, whereas Precimonious and Herbie search precisions or rewrites~\cite{rubio2013,panchekha2015}. Relational domains include floating-point polyhedra, interval slopes, and TVPI~\cite{chen2008,chapoutot2010,rivera2024}; Z3, MathSAT5, cvc5, Bitwuzla, and abstraction-guided bit-blasting provide adjacent solving technology~\cite{demoura2008,cimatti2013,barbosa2022,niemetz2023,niemetz2024}. Proposition~\ref{prop:encoding} states only a fixed guarded QF-LIA encoding; the artifact runs no solver."
barbosa2022,paper/sections/boundaries.tex,8,"Flocq, Coq integration, and Gappa formalize floating-point semantics and certified bounds~\cite{boldo2011flocq,melquiond2012,daumas2010,dedinechin2011}. Tiered SMT reasoning and source/execution caveats appear in~\cite{conchon2017,monniaux2008}; Stainless now handles a Scala subset with bit-accurate floating-point reasoning~\cite{gilot2026stainless}. FPTaylor and Daisy derive bounds or compile real specifications~\cite{solovyev2015,darulova2014}, whereas Precimonious and Herbie search precisions or rewrites~\cite{rubio2013,panchekha2015}. Relational domains include floating-point polyhedra, interval slopes, and TVPI~\cite{chen2008,chapoutot2010,rivera2024}; Z3, MathSAT5, cvc5, Bitwuzla, and abstraction-guided bit-blasting provide adjacent solving technology~\cite{demoura2008,cimatti2013,barbosa2022,niemetz2023,niemetz2024}. Proposition~\ref{prop:encoding} states only a fixed guarded QF-LIA encoding; the artifact runs no solver."
niemetz2023,paper/sections/boundaries.tex,8,"Flocq, Coq integration, and Gappa formalize floating-point semantics and certified bounds~\cite{boldo2011flocq,melquiond2012,daumas2010,dedinechin2011}. Tiered SMT reasoning and source/execution caveats appear in~\cite{conchon2017,monniaux2008}; Stainless now handles a Scala subset with bit-accurate floating-point reasoning~\cite{gilot2026stainless}. FPTaylor and Daisy derive bounds or compile real specifications~\cite{solovyev2015,darulova2014}, whereas Precimonious and Herbie search precisions or rewrites~\cite{rubio2013,panchekha2015}. Relational domains include floating-point polyhedra, interval slopes, and TVPI~\cite{chen2008,chapoutot2010,rivera2024}; Z3, MathSAT5, cvc5, Bitwuzla, and abstraction-guided bit-blasting provide adjacent solving technology~\cite{demoura2008,cimatti2013,barbosa2022,niemetz2023,niemetz2024}. Proposition~\ref{prop:encoding} states only a fixed guarded QF-LIA encoding; the artifact runs no solver."
niemetz2024,paper/sections/boundaries.tex,8,"Flocq, Coq integration, and Gappa formalize floating-point semantics and certified bounds~\cite{boldo2011flocq,melquiond2012,daumas2010,dedinechin2011}. Tiered SMT reasoning and source/execution caveats appear in~\cite{conchon2017,monniaux2008}; Stainless now handles a Scala subset with bit-accurate floating-point reasoning~\cite{gilot2026stainless}. FPTaylor and Daisy derive bounds or compile real specifications~\cite{solovyev2015,darulova2014}, whereas Precimonious and Herbie search precisions or rewrites~\cite{rubio2013,panchekha2015}. Relational domains include floating-point polyhedra, interval slopes, and TVPI~\cite{chen2008,chapoutot2010,rivera2024}; Z3, MathSAT5, cvc5, Bitwuzla, and abstraction-guided bit-blasting provide adjacent solving technology~\cite{demoura2008,cimatti2013,barbosa2022,niemetz2023,niemetz2024}. Proposition~\ref{prop:encoding} states only a fixed guarded QF-LIA encoding; the artifact runs no solver."
cousot1977,paper/sections/boundaries.tex,10,"Abstract interpretation supplies the lattice framework~\cite{cousot1977,cousot1979}. Complete refinements, correctness kernels, observational completeness, and Paige--Tarjan generalization preserve distinct observations~\cite{giacobazzi2000,giacobazzi2014,amato2011,ranzato2008}. Equation~\eqref{eq:obseq} is a numerical instance, not a new general refinement algorithm."
cousot1979,paper/sections/boundaries.tex,10,"Abstract interpretation supplies the lattice framework~\cite{cousot1977,cousot1979}. Complete refinements, correctness kernels, observational completeness, and Paige--Tarjan generalization preserve distinct observations~\cite{giacobazzi2000,giacobazzi2014,amato2011,ranzato2008}. Equation~\eqref{eq:obseq} is a numerical instance, not a new general refinement algorithm."
giacobazzi2000,paper/sections/boundaries.tex,10,"Abstract interpretation supplies the lattice framework~\cite{cousot1977,cousot1979}. Complete refinements, correctness kernels, observational completeness, and Paige--Tarjan generalization preserve distinct observations~\cite{giacobazzi2000,giacobazzi2014,amato2011,ranzato2008}. Equation~\eqref{eq:obseq} is a numerical instance, not a new general refinement algorithm."
giacobazzi2014,paper/sections/boundaries.tex,10,"Abstract interpretation supplies the lattice framework~\cite{cousot1977,cousot1979}. Complete refinements, correctness kernels, observational completeness, and Paige--Tarjan generalization preserve distinct observations~\cite{giacobazzi2000,giacobazzi2014,amato2011,ranzato2008}. Equation~\eqref{eq:obseq} is a numerical instance, not a new general refinement algorithm."
amato2011,paper/sections/boundaries.tex,10,"Abstract interpretation supplies the lattice framework~\cite{cousot1977,cousot1979}. Complete refinements, correctness kernels, observational completeness, and Paige--Tarjan generalization preserve distinct observations~\cite{giacobazzi2000,giacobazzi2014,amato2011,ranzato2008}. Equation~\eqref{eq:obseq} is a numerical instance, not a new general refinement algorithm."
ranzato2008,paper/sections/boundaries.tex,10,"Abstract interpretation supplies the lattice framework~\cite{cousot1977,cousot1979}. Complete refinements, correctness kernels, observational completeness, and Paige--Tarjan generalization preserve distinct observations~\cite{giacobazzi2000,giacobazzi2014,amato2011,ranzato2008}. Equation~\eqref{eq:obseq} is a numerical instance, not a new general refinement algorithm."
highammary2022,paper/sections/boundaries.tex,13,"Mixed-precision linear algebra and iterative refinement trade cost against accuracy~\cite{highammary2022,baboulin2009}; bfloat16 and tensor-core formalizations concern accelerator or matrix behavior~\cite{kalamkar2019,valpey2025}. Zhang and Aiken reduce FPAN error and nonoverlap checks to QF-LIA using sign, exponent, and mantissa-run summaries~\cite{zhang2025}. Their sound, potentially incomplete whole-network analysis differs from our finite guarded relation, absolute sum error, mixed modes/formats, and exact cut reuse; the collision~\eqref{eq:runwitness} concerns only an exact point interface. Public material by Hubrecht and Melquiond addresses code using error-free transformations~\cite{hubrecht2026}; our semantic split does not subsume those code-level results. Double rounding instead rounds one value twice~\cite{martin2013}."
baboulin2009,paper/sections/boundaries.tex,13,"Mixed-precision linear algebra and iterative refinement trade cost against accuracy~\cite{highammary2022,baboulin2009}; bfloat16 and tensor-core formalizations concern accelerator or matrix behavior~\cite{kalamkar2019,valpey2025}. Zhang and Aiken reduce FPAN error and nonoverlap checks to QF-LIA using sign, exponent, and mantissa-run summaries~\cite{zhang2025}. Their sound, potentially incomplete whole-network analysis differs from our finite guarded relation, absolute sum error, mixed modes/formats, and exact cut reuse; the collision~\eqref{eq:runwitness} concerns only an exact point interface. Public material by Hubrecht and Melquiond addresses code using error-free transformations~\cite{hubrecht2026}; our semantic split does not subsume those code-level results. Double rounding instead rounds one value twice~\cite{martin2013}."
kalamkar2019,paper/sections/boundaries.tex,13,"Mixed-precision linear algebra and iterative refinement trade cost against accuracy~\cite{highammary2022,baboulin2009}; bfloat16 and tensor-core formalizations concern accelerator or matrix behavior~\cite{kalamkar2019,valpey2025}. Zhang and Aiken reduce FPAN error and nonoverlap checks to QF-LIA using sign, exponent, and mantissa-run summaries~\cite{zhang2025}. Their sound, potentially incomplete whole-network analysis differs from our finite guarded relation, absolute sum error, mixed modes/formats, and exact cut reuse; the collision~\eqref{eq:runwitness} concerns only an exact point interface. Public material by Hubrecht and Melquiond addresses code using error-free transformations~\cite{hubrecht2026}; our semantic split does not subsume those code-level results. Double rounding instead rounds one value twice~\cite{martin2013}."
valpey2025,paper/sections/boundaries.tex,13,"Mixed-precision linear algebra and iterative refinement trade cost against accuracy~\cite{highammary2022,baboulin2009}; bfloat16 and tensor-core formalizations concern accelerator or matrix behavior~\cite{kalamkar2019,valpey2025}. Zhang and Aiken reduce FPAN error and nonoverlap checks to QF-LIA using sign, exponent, and mantissa-run summaries~\cite{zhang2025}. Their sound, potentially incomplete whole-network analysis differs from our finite guarded relation, absolute sum error, mixed modes/formats, and exact cut reuse; the collision~\eqref{eq:runwitness} concerns only an exact point interface. Public material by Hubrecht and Melquiond addresses code using error-free transformations~\cite{hubrecht2026}; our semantic split does not subsume those code-level results. Double rounding instead rounds one value twice~\cite{martin2013}."
zhang2025,paper/sections/boundaries.tex,13,"Mixed-precision linear algebra and iterative refinement trade cost against accuracy~\cite{highammary2022,baboulin2009}; bfloat16 and tensor-core formalizations concern accelerator or matrix behavior~\cite{kalamkar2019,valpey2025}. Zhang and Aiken reduce FPAN error and nonoverlap checks to QF-LIA using sign, exponent, and mantissa-run summaries~\cite{zhang2025}. Their sound, potentially incomplete whole-network analysis differs from our finite guarded relation, absolute sum error, mixed modes/formats, and exact cut reuse; the collision~\eqref{eq:runwitness} concerns only an exact point interface. Public material by Hubrecht and Melquiond addresses code using error-free transformations~\cite{hubrecht2026}; our semantic split does not subsume those code-level results. Double rounding instead rounds one value twice~\cite{martin2013}."
hubrecht2026,paper/sections/boundaries.tex,13,"Mixed-precision linear algebra and iterative refinement trade cost against accuracy~\cite{highammary2022,baboulin2009}; bfloat16 and tensor-core formalizations concern accelerator or matrix behavior~\cite{kalamkar2019,valpey2025}. Zhang and Aiken reduce FPAN error and nonoverlap checks to QF-LIA using sign, exponent, and mantissa-run summaries~\cite{zhang2025}. Their sound, potentially incomplete whole-network analysis differs from our finite guarded relation, absolute sum error, mixed modes/formats, and exact cut reuse; the collision~\eqref{eq:runwitness} concerns only an exact point interface. Public material by Hubrecht and Melquiond addresses code using error-free transformations~\cite{hubrecht2026}; our semantic split does not subsume those code-level results. Double rounding instead rounds one value twice~\cite{martin2013}."
martin2013,paper/sections/boundaries.tex,13,"Mixed-precision linear algebra and iterative refinement trade cost against accuracy~\cite{highammary2022,baboulin2009}; bfloat16 and tensor-core formalizations concern accelerator or matrix behavior~\cite{kalamkar2019,valpey2025}. Zhang and Aiken reduce FPAN error and nonoverlap checks to QF-LIA using sign, exponent, and mantissa-run summaries~\cite{zhang2025}. Their sound, potentially incomplete whole-network analysis differs from our finite guarded relation, absolute sum error, mixed modes/formats, and exact cut reuse; the collision~\eqref{eq:runwitness} concerns only an exact point interface. Public material by Hubrecht and Melquiond addresses code using error-free transformations~\cite{hubrecht2026}; our semantic split does not subsume those code-level results. Double rounding instead rounds one value twice~\cite{martin2013}."
gilot2026github,paper/sections/boundaries.tex,15,"The lower bound is for one cell, point summaries, and Section~\ref{sec:separation}'s continuations. Composition assumes a finite relation, conservative acyclic wiring, a dyadic grid, guards, and representable residuals; generated tables are bound to one supplied network, not linked as untrusted contracts. The model identifies signed zeros and excludes NaNs, infinities, flags, overflow responses, flushing, implicit casts, arbitrary control flow, and target instructions. Toward-zero crossing zero needs a sign partition; full-alphabet storage may exceed reachable needs; joint phases can grow as $B^w$. The deterministic suites test conformance, not workload representativeness or performance---a large-scale study likewise finds that common benchmarks cover deployed floating-point structures only partially~\cite{gilot2026github}. Finite exactness is not a tractability, mechanization, or hardware claim."
zhang2025,paper/sections/introduction.tex,4,"Recent FPAN verification reduces sign, exponent, and bit-run abstractions to quantifier-free linear integer reasoning~\cite{zhang2025}. We ask a complementary question: for a fixed observation and allowed continuations, what information must a reusable module retain? This is an observation-relative problem in the sense of abstract-interpretation completeness~\cite{amato2011}, not a claim that one abstraction dominates another. It also differs from ordinary forward error analysis: a tight local bound can still forget which future error will cancel it."
amato2011,paper/sections/introduction.tex,4,"Recent FPAN verification reduces sign, exponent, and bit-run abstractions to quantifier-free linear integer reasoning~\cite{zhang2025}. We ask a complementary question: for a fixed observation and allowed continuations, what information must a reusable module retain? This is an observation-relative problem in the sense of abstract-interpretation completeness~\cite{amato2011}, not a claim that one abstraction dominates another. It also differs from ordinary forward error analysis: a tight local bound can still forget which future error will cancel it."
zhang2025,paper/sections/separation.tex,60,"The first ties round to $1+2h$ and $1+4h$; adding $d$ gives exact total errors $h$ and $0$. The $p-1$ fraction fields have equal leading/trailing zero/one run counts, sign, and exponent. This is a point-interface collision, not an unsoundness claim about an overapproximate verifier~\cite{zhang2025}."
gilot2026github,paper/sections/validation.tex,44,"No statistical model is trained, so the analogous overfitting risk is fixture coupling. The complete census, structurally disjoint challenge, and separately written whole-network oracle reduce that risk, but remain conformance tests rather than deployed-program samples; recent large-scale evidence also finds incomplete benchmark coverage of real floating-point code~\cite{gilot2026github}. We therefore claim neither workload representativeness nor application performance."
