claim_id,claim,theorem_or_lemma,proof_or_checker,source_or_test,experiment,figure_or_table,raw_result,maturity,fresh_recheck,limitation
phase-gap,One-addition classes 2^k; two-addition classes 2^(k+1) for q>=4 and k>=1,Lemma 3.1; Theorem 3.2; Proposition 3.4,docs/proofs.md sections 2-3; src/checker.py,Closed observation word and explicit separator,Complete gaps 1 through 6,Paper Table 3,results/signatures.json; results/observation-word-mutation.json,mathematically proved; finite checked,"All 21,840 phase/context bits matched formula (10); all six one-addition class counts and 21,588 separators passed; the targeted k=3 bit flip was rejected",Only the stated observation family and common guard
multiport,w independently varying ports require (2m)^w point-summary states for the port-selecting continuation family,Corollary 3.3,docs/proofs.md section 2,Coordinate selector and cancellation proof,Not separately enumerated,None,None; mathematical proof,mathematically proved,Proof reconciled with final theorem statement,No encoded-bit lower bound and no claim for other continuation languages
run-collision,Equal sign exponent and leading/trailing bit-run counts can have different final error observations,Section 3 construction,docs/proofs.md section 2; src/campaign.py,Toy witness and four standard precision pairs,Five exact two-input witnesses,Paper Figure 1,results/counterexamples.json,mathematically derived; finite checked,Exact rational replay passed,Not an unsoundness claim against Zhang--Aiken
conservation,Grid-scaled signed lost mass equals negative final sum error,Lemma 2.1,docs/proofs.md section 1; src/checker.py,Uniquely consumed conservative wiring,"1,285-network replay over 24,700 concrete rows, including two complete declared families",None,results/certificates.json,mathematically proved; finite checked,Mass invariant replayed on every concrete row by the standalone checker,No silent fanout; declared discards only
least-period,"For power-of-two grid spacing m, nearest-even residual has least period 2m for m>1; directed and fixed-sign toward-zero have least period m",Lemma 4.1,docs/proofs.md section 3; src/campaign.py,Zero-set argument and nearest midpoint parity witness,"35 mode/spacing/sign configurations; 3,770 periodicity and minimality checks",None,results/residual-periods.json,mathematically proved; finite checked,Stated period checked on four periods; every smaller positive shift rejected by explicit witnesses,Spacing is a power of two in integer grid units; toward-zero requires a fixed sign guard
contracts,Guarded joint phase/loss contracts compose exactly across consecutive cuts,Theorems 4.2 and 4.3,docs/proofs.md section 4; src/phase.py; src/checker.py,Exact initial relation and all local obligations,"1,285 networks and 24,700 concrete rows",Paper Figure 2; Table 2,results/certificates.json; results/networks.csv,mathematically proved; finite checked,Serialized replay and an independent explicit-format oracle passed,Producer binds tables to one whole network; not an untrusted-contract linker
depth-bound,For discard-free continuations over a fixed finite spacing/mode set the per-source phase alphabet is bounded sharply by B0 independently of depth,Theorem 4.4,docs/proofs.md section 4; tests/test_core.py,Least-period common multiple plus separator families,Dedicated sharpness and depth tests,None,results/residual-periods.json; results/tests.stderr.txt; results/tests-optimized.stderr.txt,mathematically proved; finite checked,Final theorem wording and dedicated normal/optimized test logs reconciled,One varying source and fixed others; joint w-port state may grow as B0^w; discards excluded
cut-invariance,Four partitions of one 32-gate network yield the same global contract,Theorem 4.3 consequence,src/campaign.py; src/checker.py,Monolithic declared every-gate and irregular cuts,128 source-row replays and 196 local rows,Paper Table 2 discussion,results/composition-cuts.json,finite checked; theorem consequence,All global rows and bounds compared exactly,One specified network; not a substitute for the general proof
association,Cartesian phase/loss marginals inflate the tight dyadic envelope by two bits,Section 4.3 example,docs/proofs.md section 4; src/campaign.py,Exact 9.75/11.25 fixture,One joint relation and its marginal product,Equation 17,results/phase-loss-ablation.json,exact finite counterexample,Joint and product calculations replayed,Not a statistical claim
alphabet,Necessary-and-sufficient format criterion for the full residual alphabet,Theorem 5.1,docs/proofs.md section 5; src/semantics.py,Quantum exponent and significant-bit proof,"400 parameter configurations and 5,160 memberships",Paper Table 1,results/residual-alphabets.json,mathematically proved; finite checked,Criterion compared with explicit format membership,A reachable subset may fit a weaker format
standard-residual,Four standard-format witnesses exhibit a residual that does not fit the coarse target,Section 5.1 consequence,src/campaign.py; src/checker.py,Explicit odd-coefficient residuals,Four exact witnesses,Paper Table 1 context,results/standard-residual-witnesses.json,finite checked; theorem consequence,Neighbor-based rounding replayed,Quantum and exponent range also matter; no dense full-format enumeration
linear-encoding,Fixed guarded transfer reachability has a QF-LIA encoding with internal variables,Proposition 5.2,docs/proofs.md section 6,Quotient remainder parity and phase equations,No SMT execution,Equations in Section 5,None; mathematical proof,mathematically proved,Quantifier boundary inspected after final revision,Boundary projection is existential and enumerated disjunction can be large
functional-blocks,Each reachable incoming joint phase of a fixed guarded block determines at most one outgoing tuple and signed loss increment,Corollary 4.5,docs/proofs.md section 4; src/checker.py,Gate functionality and source-indexed phase consistency,"All block rows in the 1,285-network replay",Section 4 contract discussion,results/certificates.json,mathematically proved; finite checked,Checker groups equal incoming phases and the whole-network oracle independently reconstructs block maps,Only reachable tuples under fixed guards; does not justify marginalizing joint phases
finite-suite,The retained deterministic artifact passes all specified finite obligations,Section 6,reproduce.py; src/checker.py; independent_oracle.py,Bibliography audit; 28 normal and 28 optimized unit tests; independent whole-network oracle; 20 mutations; 5 unsupported cases,"94,067 designated obligations in six fail-closed stages",Paper Tables 2 and 3,results/summary.json; results/reproduction.json; results/python-runtime.json; results/tests.stderr.txt; results/tests-optimized.stderr.txt; results/independent-network-oracle.json,finite checked; measured,"Final tree passed bibliography, normal/optimized tests, generation, independent oracle, and serialized replay","Finite cases are not a mechanized theorem proof, external replication, or representative workload"
literature-boundary,Writing calibration and closest-work comparison are explicitly bounded by source access,Related work; research-plan.md,external_resources.csv; reference_audit.csv,12 same-venue full papers; 5 canonical/influential full papers; 5 adjacent full papers,Reference-count median 29.5; manuscript has 59 cited references,Related-work section,external_resources.csv; reference_audit.csv,full-paper calibration completed; newest-work comparison bounded,All 59 keys cited; duplicate identifiers/titles rejected; current 2026 closest-work records rechecked on 2026-09-21,Hubrecht--Melquiond article body and live venue guide remained access-limited; no firstness or subsumption claim
tiny-census,The retained three-input two-gate census exhausts every declared finite axis,Section 6 finite scope,src/fixtures.py; src/campaign.py census_audit; tests/test_core.py,2 signs x 3 first-pair topologies x 9 precision pairs x 16 mode pairs; all 8 source tuples,"864 networks and 6,912 concrete rows",Paper Table 2,results/tiny-network-census.json; results/networks.csv,finite exhaustive check over a declared class,"Axis product, generated case list, row totals, certificate replay, and independent explicit-format replay compared exactly","Not exhaustive over all bounded networks, larger supports, other cells, or exceptional semantics"
rounding-oracles,"Producer, standalone checker, and explicit finite-value oracle agree on every retained small-format adjacent-gap probe",Section 6 checker separation,src/semantics.py; src/checker.py; src/campaign.py,Four complete formats p=2..5; every adjacent gap; 3 interior points; 4 modes,"4,224 exact three-way comparisons",Section 6,results/rounding-oracle.json,finite exhaustive check over declared formats,All comparisons exact over Fraction values,Finite small formats only; does not prove all IEEE encodings or hardware behavior
bibliography-audit,The manuscript retains 59 unique cited scholarly references and the declared 12+5+5 calibration inventory,Publication evidence obligation,src/bibliography_audit.py; paper/check_references.py,reference_audit.csv; citation_contexts.csv; external_resources.csv; references.bib; all TeX sections,59 entries; 59 cited; 63 exact citation-context rows; 12 same-venue; at least 5 influential; at least 5 adjacent,Related work; research-plan calibration tables,results/bibliography-audit.json,structurally audited; source-access boundaries recorded,"Balanced-entry parser, missing/unused keys, duplicate identifiers/titles, and high-risk identifiers pass",Identifier and source audits do not constitute independent full-text peer review of every item
structural-challenge,"A structurally disjoint four-input three-gate family exhausts its declared topology, cell, precision, sign, mode, and input axes",Section 6 finite scope,src/fixtures.py; src/campaign.py structural_challenge_audit; tests/test_core.py,5 tree shapes x 2 signs x 2 cell regimes x 2 precision schedules x 8 mode schedules; all 16 source tuples,"320 networks and 5,120 concrete rows",Paper Table 2,results/structural-challenge.json; results/networks.csv,finite exhaustive check over a declared class,"Axis product, unique IDs, depths, regimes, row totals, and exact replay checked",Designed during artifact review rather than reserved as a blind holdout; not representative of all programs
independent-network-oracle,An explicit-format implementation with no project imports reconstructs the complete global and block relations for both exhaustive families,Section 6 checker separation,independent_oracle.py,Complete explicit finite-value sets and sorted-neighbor rounding,"1,184 networks; 12,032 concrete rows; 29,184 gate evaluations",Section 6,results/independent-network-oracle.json,finite independently implemented conformance check,"Global rows, local block rows, modulus, bounds, grid closure, and conservation compared exactly",Same-project implementation and shared mathematical specification; not an external replication
