name,url,license,access_date,resource_type,acquisition_method,integration_mode,supported_claim,internals_modified,reading_status
Generalized Hoare logic,https://www.di.ens.fr/~cousot/COUSOTpapers/publications.www/CousotCousot-IC02-v80-i2-p165--191-1989.pdf,Author-hosted scholarly PDF; rights not independently resolved; not redistributed,2026-09-15,Information and Computation research article,complete PDF review,writing calibration only,Same-venue theorem-centered semantics and completeness pattern; 27 pages; 11 references,no,Complete-paper calibration review
Coinductive big-step operational semantics,https://arxiv.org/pdf/0808.0586,Author preprint; rights not independently resolved; not redistributed,2026-09-15,Information and Computation research article,complete PDF review,writing calibration only,Same-venue semantics/equivalence/mechanization pattern; 37 pages; 41 references,no,Complete-paper calibration review
Generalizing Paige--Tarjan,https://arxiv.org/pdf/cs/0612120,Author preprint; rights not independently resolved; not redistributed,2026-09-15,Information and Computation research article,complete PDF review,writing calibration and manuscript citation,Same-venue abstraction/refinement pattern; 31 pages; 28 references,no,Complete-paper calibration review
Correctness kernels of abstract interpretations,https://arxiv.org/pdf/0910.4748,Author preprint; rights not independently resolved; not redistributed,2026-09-15,Information and Computation research article,complete PDF review,writing calibration and manuscript citation,Same-venue compact theorem/consequence pattern; 19 pages; 23 references,no,Complete-paper calibration review
Quantum abstract interpretation and logics,https://arxiv.org/pdf/2206.13772,Author preprint; rights not independently resolved; not redistributed,2026-09-15,Information and Computation research article,complete PDF review,writing calibration only,Same-venue semantics-to-logic progression; 26 pages; 32 references,no,Complete-paper calibration review
Posets with interfaces,https://arxiv.org/pdf/2106.10895,Author preprint; rights not independently resolved; not redistributed,2026-09-15,Information and Computation research article,complete PDF review,writing calibration only,Same-venue compositional-interface exposition; 32 pages; 34 references,no,Complete-paper calibration review
Fairness and communication-based semantics,https://arxiv.org/pdf/2104.01065,Author preprint; rights not independently resolved; not redistributed,2026-09-15,Information and Computation research article,complete PDF review,writing calibration only,Same-venue long-form semantic proof layering; 93 pages; 69 references,no,Complete-paper calibration review
Floating-point arithmetic in the Coq system,https://guillaume.melquiond.fr/doc/12-ic.pdf,Author-hosted scholarly PDF; rights not independently resolved; not redistributed,2026-09-15,Information and Computation research article,complete PDF review,writing calibration and manuscript citation,Same-venue formal floating-point foundation; 17 pages; 16 references,no,Complete-paper calibration review
Symbolic model checking,https://mcmil.net/pubs/IC92.pdf,Author-hosted scholarly PDF; rights not independently resolved; not redistributed,2026-09-15,Information and Computation research article,complete PDF review,same-venue and influential calibration,Method-to-implementation evidence pattern; 29 pages; 27 references,no,Complete-paper calibration review; canonical/influential role
Kleene algebra completeness,https://www.cs.cornell.edu/kozen/Papers/ka.pdf,Author-hosted scholarly PDF; rights not independently resolved; not redistributed,2026-09-15,Information and Computation research article,complete PDF review,same-venue and influential calibration,Theorem-driven completeness narrative; 30 pages; 31 references,no,Complete-paper calibration review; canonical/influential role
Language inclusion and equivalence by coinduction,https://jurriaan.creativecode.org/wp-content/uploads/2013/04/ic.pdf,Author-hosted scholarly PDF; rights not independently resolved; not redistributed,2026-09-15,Information and Computation research article,complete PDF review,writing calibration only,Same-venue coinductive definitions-to-examples pattern; 26 pages; 34 references,no,Complete-paper calibration review
Incompleteness of states with respect to traces,https://arxiv.org/pdf/cs/0404048,Author preprint; rights not independently resolved; not redistributed,2026-09-15,Information and Computation research article,complete PDF review,writing calibration only,Same-venue impossibility/boundary narrative; 29 pages; 26 references,no,Complete-paper calibration review
Abstract interpretation unified lattice model,https://doi.org/10.1145/512950.512973,Publisher DOI record and accessible scholarly copy; not redistributed,2026-09-15,canonical research article,complete paper review,influential calibration and manuscript citation,Canonical abstraction/fixpoint framework,no,Complete-paper calibration review
What every computer scientist should know about floating-point arithmetic,https://doi.org/10.1145/103162.103163,Publisher DOI record and accessible scholarly copy; not redistributed,2026-09-15,canonical research article,complete paper review,influential calibration and manuscript citation,Canonical floating-point exposition,no,Complete-paper calibration review
Accurate sum and dot product,https://doi.org/10.1137/030601818,Publisher DOI record and accessible scholarly copy; not redistributed,2026-09-15,influential research article,complete paper review,influential calibration and manuscript citation,Accurate accumulation and EFT comparison,no,Complete-paper calibration review
Automatic verification of floating-point accumulation networks,https://theory.stanford.edu/~aiken/publications/papers/cav25.pdf,Publisher chapter identified as CC BY 4.0; PDF not redistributed here,2026-09-15,adjacent CAV research article,complete PDF review including printed appendix,closest-work comparison and manuscript citation,FPAN object guarantee mechanism and evidence boundary,no,Complete-paper adjacent calibration; repository not executed
Flocq unified floating-point library,https://guillaume.melquiond.fr/doc/11-arith20-article.pdf,Author-hosted scholarly PDF; rights not independently resolved; not redistributed,2026-09-15,adjacent ARITH research article,complete PDF review,adjacent calibration and manuscript citation,Mechanized floating-point semantic foundation,no,Complete-paper adjacent calibration
Gappa certification of rounded-expression bounds,https://guillaume.melquiond.fr/doc/09-toms.pdf,Author-hosted scholarly PDF; rights not independently resolved; not redistributed,2026-09-15,adjacent TOMS research article,complete PDF review,adjacent calibration and manuscript citation,Certificate-producing rounded-expression analysis,no,Complete-paper adjacent calibration
Three-tier floating-point SMT strategy,https://guillaume.melquiond.fr/doc/17-cav-article.pdf,Author-hosted scholarly PDF; rights not independently resolved; not redistributed,2026-09-15,adjacent CAV research article,complete PDF review,adjacent calibration and manuscript citation,Solver architecture and evidence contrast,no,Complete-paper adjacent calibration
Double-rounding issues,https://guillaume.melquiond.fr/doc/13-bitn.pdf,Author-hosted scholarly PDF; rights not independently resolved; not redistributed,2026-09-15,adjacent BIT research article,complete PDF review,adjacent calibration and manuscript citation,Arithmetic boundary between double rounding and add-then-round,no,Complete-paper adjacent calibration
Observational completeness,https://www.sci.unich.it/~scozzari/paper/FundamentaInformaticae2010.pdf,Author-hosted scholarly PDF; rights not independently resolved; not redistributed,2026-09-15,research article,focused technical review,manuscript citation,Observation-relative abstraction context,no,Relevant definitions and theorem framing inspected
EFT code verification record,https://hal.science/hal-05595721,Metadata accessible; article PDF blocked; not redistributed,2026-09-16,2026 ARITH research record,HAL record and search-index verification; direct article download remained blocked,bounded newest-work comparison and manuscript citation,Title author order venue and public topic,no,Bibliographic record and indexed abstract/topic verified; article body not directly inspected
EFT code verification presentation,https://hubrecht.ovh/_uploads/pdf/2026-06-ARITH.pdf,Author presentation; rights not independently resolved; not redistributed,2026-09-15,author technical presentation,complete presentation review,diligence only; not a full-paper substitute,Public mechanism and scope used only for bounded comparison,no,Presentation inspected; no exhaustive theorem-overlap claim
Melquiond bibliography,https://guillaume.melquiond.fr/biblio.html,Metadata only,2026-09-16,author bibliography,record verification,bibliographic verification,Author order publication details and persistent identifiers,no,Relevant records verified
CAV chapter record,https://link.springer.com/chapter/10.1007/978-3-031-98682-6_12,Publisher metadata; not redistributed,2026-09-16,publisher record,record verification,bibliographic verification,Zhang--Aiken byline date DOI and chapter data,no,Record verified
Elsevier LaTeX instructions,https://www.elsevier.com/researcher/author/policies-and-guidelines/latex-instructions,Publisher workflow page; not redistributed,2026-09-16,official workflow page,live web review,template-family verification,Elsevier elsarticle submission family,no,Current official page reviewed; elsarticle family confirmed; journal-specific guide still required
Information and Computation Guide for Authors,https://www.sciencedirect.com/journal/information-and-computation/publish/guide-for-authors,Publisher workflow page; not acquired,2026-09-21,official workflow page,live direct-fetch attempt plus current official search-index record,external-use policy hold,"Official guide is live and the journal scope is visible, but the complete detailed rules could not be directly inspected",no,Complete guide remained blocked by HTTP 403; current official search indexing exposes aims/scope but not the full policy set
Supplied elsarticle assets,https://www.elsevier.com/researcher/author/policies-and-guidelines/latex-instructions,LPPL notices embedded in supplied files,2026-09-15,LaTeX class and bibliography style,matched user-supplied template inspection,unmodified files retained in paper only,Initial-paper formatting,no,Structure inspected; publisher files not edited
Odd but Error-Free FastTwoSum preprint,https://arxiv.org/abs/2601.17198,arXiv access; not redistributed,2026-09-21,current adjacent floating-point research article,complete HTML and bibliographic record inspected,closest-current-work comparison,Recent EFT work gives broader FastTwoSum conditions and round-to-odd results distinct from this paper's semantic residual contract,no,Complete paper inspected; theorem scope and assumptions reviewed
Verifying Floating-Point Programs in Stainless,https://link.springer.com/chapter/10.1007/978-3-032-22749-2_1,Open-access chapter; not redistributed,2026-09-21,current adjacent formal-verification research article,complete publisher HTML inspected,current program-level verification comparison,"Current deductive verification covers Scala features, special values, and real-code benchmarks outside this paper's guarded arithmetic network model",no,"Complete publisher article inspected, including evaluation and related-work boundary"
Floating-Point Usage on GitHub,https://dl.acm.org/doi/10.1145/3798203,Open-access article; not redistributed,2026-09-21,current adjacent empirical research article,complete open-access article inspected,benchmark-validity boundary,Synthetic exact-network families are implementation stress tests and are not representative samples of real floating-point programs,no,"Complete paper inspected, including benchmark-representativeness findings and threats to validity"
