cite_key,entry_type,year,authors,title,publication,persistent_identifier,manuscript_locations,verification_scope
ieee2019,misc,2019,{IEEE},{IEEE Standard for Floating-Point Arithmetic},{IEEE Std 754-2019},DOI: 10.1109/IEEESTD.2019.8766229,Numerical error and accurate accumulation,Bibliographic metadata and topic-level placement reviewed; full-paper calibration not claimed
goldberg1991,article,1991,David Goldberg,What Every Computer Scientist Should Know About Floating-Point Arithmetic,ACM Computing Surveys,DOI: 10.1145/103162.103163,Numerical error and accurate accumulation,"Complete influential-paper calibration review; full paper inspected for problem, numerical principles, organization, conclusions, and bibliography"
higham2002,book,2002,Nicholas J. Higham,Accuracy and Stability of Numerical Algorithms,SIAM,DOI: 10.1137/1.9780898718027,Numerical error and accurate accumulation,Bibliographic metadata and topic-level placement reviewed; full-paper calibration not claimed
muller2018,book,2018,Jean-Michel Muller and Nicolas Brunie and Florent de Dinechin and others,Handbook of Floating-Point Arithmetic,"Birkh{\""a}user",DOI: 10.1007/978-3-319-76526-6,Numerical error and accurate accumulation,Bibliographic metadata and topic-level placement reviewed; full-paper calibration not claimed
wilkinson1963,book,1963,James H. Wilkinson,Rounding Errors in Algebraic Processes,Prentice-Hall,,Numerical error and accurate accumulation,Bibliographic metadata and topic-level placement reviewed; full-paper calibration not claimed
babuska1972,article,1972,Ivo Babu{\v{s}}ka,Numerical Stability in Problems of Linear Algebra,SIAM Journal on Numerical Analysis,DOI: 10.1137/0709008,Numerical error and accurate accumulation,Bibliographic metadata and topic-level placement reviewed; full-paper calibration not claimed
rumplange2016,article,2016,Siegfried M. Rump and Martin Lange,On the Definition of Unit Roundoff,BIT Numerical Mathematics,DOI: 10.1007/s10543-015-0554-0,Numerical error and accurate accumulation,Bibliographic metadata and topic-level placement reviewed; full-paper calibration not claimed
kahan1965,article,1965,William Kahan,Pracniques: Further Remarks on Reducing Truncation Errors,Communications of the ACM,DOI: 10.1145/363707.363723,Numerical error and accurate accumulation,Bibliographic metadata and topic-level placement reviewed; full-paper calibration not claimed
neumaier1974,article,1974,Arnold Neumaier,Rundungsfehleranalyse einiger Verfahren zur Summation endlicher Summen,"Zeitschrift f{\""u}r Angewandte Mathematik und Mechanik",DOI: 10.1002/zamm.19740540106,Numerical error and accurate accumulation,Bibliographic metadata and topic-level placement reviewed; full-paper calibration not claimed
ogita2005,article,2005,Takeshi Ogita and Siegfried M. Rump and Shin'ichi Oishi,Accurate Sum and Dot Product,SIAM Journal on Scientific Computing,DOI: 10.1137/030601818,Numerical error and accurate accumulation,"Complete influential-paper calibration review; full paper inspected for accurate-sum mechanism, theorem/evidence structure, conclusions, and bibliography"
demmel2013,inproceedings,2013,James Demmel and Hong Diep Nguyen,Fast Reproducible Floating-Point Summation,21st IEEE Symposium on Computer Arithmetic,DOI: 10.1109/ARITH.2013.9,Numerical error and accurate accumulation,Bibliographic metadata and topic-level placement reviewed; full-paper calibration not claimed
neal2015,misc,2015,Radford M. Neal,Fast Exact Summation Using Small and Large Superaccumulators,{arXiv}:1505.05571,{arXiv}:1505.05571,Numerical error and accurate accumulation,Bibliographic metadata and topic-level placement reviewed; full-paper calibration not claimed
dekker1971,article,1971,Theodorus J. Dekker,A Floating-Point Technique for Extending the Available Precision,Numerische Mathematik,DOI: 10.1007/BF01397083,Error-free transformations and expansions,Bibliographic metadata and topic-level placement reviewed; full-paper calibration not claimed
moller1965,article,1965,Ole M{\o}ller,Quasi Double-Precision in Floating Point Addition,BIT Numerical Mathematics,DOI: 10.1007/BF01975722,Error-free transformations and expansions,Bibliographic metadata and topic-level placement reviewed; full-paper calibration not claimed
priest1991,inproceedings,1991,Douglas M. Priest,Algorithms for Arbitrary Precision Floating Point Arithmetic,10th IEEE Symposium on Computer Arithmetic,DOI: 10.1109/ARITH.1991.145549,Error-free transformations and expansions,Bibliographic metadata and topic-level placement reviewed; full-paper calibration not claimed
shewchuk1997,article,1997,Jonathan Richard Shewchuk,Adaptive Precision Floating-Point Arithmetic and Fast Robust Geometric Predicates,Discrete \& Computational Geometry,DOI: 10.1007/PL00009321,Error-free transformations and expansions,Bibliographic metadata and topic-level placement reviewed; full-paper calibration not claimed
boldo2017twosum,article,2017,Sylvie Boldo and Stef Graillat and Jean-Michel Muller,On the Robustness of the 2Sum and Fast2Sum Algorithms,ACM Transactions on Mathematical Software,DOI: 10.1145/3054947,Error-free transformations and expansions,Bibliographic metadata and topic-level placement reviewed; full-paper calibration not claimed
boldo2017renorm,inproceedings,2017,Sylvie Boldo and Mioara Joldes and Jean-Michel Muller and Valentina Popescu,Formal Verification of a Floating-Point Expansion Renormalization Algorithm,Interactive Theorem Proving,DOI: 10.1007/978-3-319-66107-0_7,Error-free transformations and expansions,Bibliographic metadata and topic-level placement reviewed; full-paper calibration not claimed
joldes2017,article,2017,Mioara Joldes and Jean-Michel Muller and Valentina Popescu,Tight and Rigorous Error Bounds for Basic Building Blocks of Double-Word Arithmetic,ACM Transactions on Mathematical Software,DOI: 10.1145/3121432,Error-free transformations and expansions,Bibliographic metadata and topic-level placement reviewed; full-paper calibration not claimed
muller2022,article,2022,Jean-Michel Muller and Laurence Rideau,"Formalization of Double-Word Arithmetic, and Comments on ``Tight and Rigorous Error Bounds for Basic Building Blocks of Double-Word Arithmetic''",ACM Transactions on Mathematical Software,DOI: 10.1145/3484514,Error-free transformations and expansions,Bibliographic metadata and topic-level placement reviewed; full-paper calibration not claimed
boldo2011fma,article,2011,Sylvie Boldo and Jean-Michel Muller,Exact and Approximated Error of the FMA,IEEE Transactions on Computers,DOI: 10.1109/TC.2010.139,Error-free transformations and expansions,Bibliographic metadata and topic-level placement reviewed; full-paper calibration not claimed
hida2001,inproceedings,2001,Yozo Hida and Xiaoye S. Li and David H. Bailey,Algorithms for Quad-Double Precision Floating Point Arithmetic,15th IEEE Symposium on Computer Arithmetic,DOI: 10.1109/ARITH.2001.930115,Error-free transformations and expansions,Bibliographic metadata and topic-level placement reviewed; full-paper calibration not claimed
li2002,article,2002,Xiaoye S. Li and James W. Demmel and David H. Bailey and others,"Design, Implementation and Testing of Extended and Mixed Precision {BLAS}",ACM Transactions on Mathematical Software,DOI: 10.1145/567806.567808,Error-free transformations and expansions,Bibliographic metadata and topic-level placement reviewed; full-paper calibration not claimed
fousse2007,article,2007,Laurent Fousse and Guillaume Hanrot and Vincent Lef{\`e}vre and Patrick P{\'e}lissier and Paul Zimmermann,{MPFR}: A Multiple-Precision Binary Floating-Point Library with Correct Rounding,ACM Transactions on Mathematical Software,DOI: 10.1145/1236463.1236468,Error-free transformations and expansions,Bibliographic metadata and topic-level placement reviewed; full-paper calibration not claimed
johansson2017,article,2017,Fredrik Johansson,{Arb}: Efficient Arbitrary-Precision Midpoint-Radius Interval Arithmetic,IEEE Transactions on Computers,DOI: 10.1109/TC.2017.2690633,Error-free transformations and expansions,Bibliographic metadata and topic-level placement reviewed; full-paper calibration not claimed
boldo2011flocq,inproceedings,2011,Sylvie Boldo and Guillaume Melquiond,{Flocq}: A Unified Library for Proving Floating-Point Algorithms in {Coq},20th IEEE Symposium on Computer Arithmetic,DOI: 10.1109/ARITH.2011.40,Formal floating-point verification,"Complete adjacent-paper calibration review; full paper inspected for formal semantics, mechanization architecture, examples, conclusion, and bibliography"
melquiond2012,article,2012,Guillaume Melquiond,Floating-Point Arithmetic in the {Coq} System,Information and Computation,DOI: 10.1016/j.ic.2011.09.005,Formal floating-point verification,"Complete same-venue calibration review; full Information and Computation paper inspected for semantics, proof-engineering connection, structure, conclusions, and bibliography"
daumas2010,article,2010,Marc Daumas and Guillaume Melquiond,Certification of Bounds on Expressions Involving Rounded Operators,ACM Transactions on Mathematical Software,DOI: 10.1145/1644001.1644003,Formal floating-point verification,"Complete adjacent-paper calibration review; full paper inspected for certification mechanism, implementation evidence, conclusion, and bibliography"
dedinechin2011,article,2011,Florent de Dinechin and Christoph Lauter and Guillaume Melquiond,Certifying the Floating-Point Implementation of an Elementary Function Using {Gappa},IEEE Transactions on Computers,DOI: 10.1109/TC.2010.128,Formal floating-point verification,Bibliographic metadata and topic-level placement reviewed; full-paper calibration not claimed
conchon2017,inproceedings,2017,Sylvain Conchon and Mohamed Iguernelala and Kailiang Ji and Guillaume Melquiond and Cl{\'e}ment Fumex,A Three-Tier Strategy for Reasoning About Floating-Point Numbers in {SMT},Computer Aided Verification,DOI: 10.1007/978-3-319-63390-9_22,Formal floating-point verification,"Complete adjacent-paper calibration review; full paper inspected for three-tier solver strategy, evaluation, limitations, conclusion, and bibliography"
monniaux2008,article,2008,David Monniaux,The Pitfalls of Verifying Floating-Point Computations,ACM Transactions on Programming Languages and Systems,DOI: 10.1145/1353445.1353446,Formal floating-point verification,Bibliographic metadata and topic-level placement reviewed; full-paper calibration not claimed
solovyev2015,inproceedings,2015,Alexey Solovyev and Charles Jacobsen and Zvonimir Rakamari{\'c} and Ganesh Gopalakrishnan,Rigorous Estimation of Floating-Point Round-Off Errors with Symbolic Taylor Expansions,Formal Methods,DOI: 10.1007/978-3-319-19249-9_33,Formal floating-point verification,Bibliographic metadata and topic-level placement reviewed; full-paper calibration not claimed
darulova2014,inproceedings,2014,Eva Darulova and Viktor Kuncak,Sound Compilation of Reals,41st ACM SIGPLAN-SIGACT Symposium on Principles of Programming Languages,DOI: 10.1145/2535838.2535874,Formal floating-point verification,Bibliographic metadata and topic-level placement reviewed; full-paper calibration not claimed
rubio2013,inproceedings,2013,Cindy Rubio-Gonz{\'a}lez and Cuong Nguyen and Hong Diep Nguyen and others,Precimonious: Tuning Assistant for Floating-Point Precision,"International Conference for High Performance Computing, Networking, Storage and Analysis",DOI: 10.1145/2503210.2503296,Formal floating-point verification,Bibliographic metadata and topic-level placement reviewed; full-paper calibration not claimed
panchekha2015,inproceedings,2015,Pavel Panchekha and Alex Sanchez-Stern and James R. Wilcox and Zachary Tatlock,Automatically Improving Accuracy for Floating Point Expressions,36th ACM SIGPLAN Conference on Programming Language Design and Implementation,DOI: 10.1145/2737924.2737959,Formal floating-point verification,Bibliographic metadata and topic-level placement reviewed; full-paper calibration not claimed
chen2008,inproceedings,2008,Liang Chen and Antoine Min{\'e} and Patrick Cousot,A Sound Floating-Point Polyhedra Abstract Domain,Programming Languages and Systems,DOI: 10.1007/978-3-540-89330-1_2,Formal floating-point verification,Bibliographic metadata and topic-level placement reviewed; full-paper calibration not claimed
chapoutot2010,inproceedings,2010,Alexandre Chapoutot,Interval Slopes as a Numerical Abstract Domain for Floating-Point Variables,Static Analysis,DOI: 10.1007/978-3-642-15769-1_12,Formal floating-point verification,Bibliographic metadata and topic-level placement reviewed; full-paper calibration not claimed
rivera2024,article,2024,"Juan Rivera and Franz Franchetti and Markus P{\""u}schel",Floating-Point {TVPI} Abstract Domain,Proceedings of the ACM on Programming Languages,DOI: 10.1145/3656395,Formal floating-point verification,Bibliographic metadata and topic-level placement reviewed; full-paper calibration not claimed
barbosa2022,inproceedings,2022,Haniel Barbosa and Clark Barrett and Martin Brain and others,{cvc5}: A Versatile and Industrial-Strength {SMT} Solver,Tools and Algorithms for the Construction and Analysis of Systems,DOI: 10.1007/978-3-030-99524-9_24,Formal floating-point verification,Bibliographic metadata and topic-level placement reviewed; full-paper calibration not claimed
demoura2008,inproceedings,2008,Leonardo de Moura and Nikolaj Bj{\o}rner,{Z3}: An Efficient {SMT} Solver,Tools and Algorithms for the Construction and Analysis of Systems,DOI: 10.1007/978-3-540-78800-3_24,Formal floating-point verification,Bibliographic metadata and topic-level placement reviewed; full-paper calibration not claimed
cimatti2013,inproceedings,2013,Alessandro Cimatti and Alberto Griggio and Bastiaan Joost Schaafsma and Roberto Sebastiani,The {MathSAT5} {SMT} Solver,Tools and Algorithms for the Construction and Analysis of Systems,DOI: 10.1007/978-3-642-36742-7_7,Formal floating-point verification,Bibliographic metadata and topic-level placement reviewed; full-paper calibration not claimed
niemetz2023,inproceedings,2023,Aina Niemetz and Mathias Preiner,{Bitwuzla},Computer Aided Verification,DOI: 10.1007/978-3-031-37703-7_1,Formal floating-point verification,Bibliographic metadata and topic-level placement reviewed; full-paper calibration not claimed
niemetz2024,inproceedings,2024,Aina Niemetz and Mathias Preiner and Yoni Zohar,Scalable Bit-Blasting with Abstractions,Computer Aided Verification,DOI: 10.1007/978-3-031-65627-9_9,Formal floating-point verification,"Publisher metadata live-checked on 2026-09-16; corrected to LNCS 14681, pp. 178-200, DOI 10.1007/978-3-031-65627-9_9; full-paper calibration not claimed"
cousot1977,inproceedings,1977,Patrick Cousot and Radhia Cousot,Abstract Interpretation: A Unified Lattice Model for Static Analysis of Programs by Construction or Approximation of Fixpoints,4th ACM SIGPLAN-SIGACT Symposium on Principles of Programming Languages,DOI: 10.1145/512950.512973,Observation and completeness,"Complete influential-paper calibration review; full paper inspected for abstraction/fixpoint framework, theorem structure, conclusions, and bibliography"
cousot1979,inproceedings,1979,Patrick Cousot and Radhia Cousot,Systematic Design of Program Analysis Frameworks,6th ACM SIGACT-SIGPLAN Symposium on Principles of Programming Languages,DOI: 10.1145/567752.567778,Observation and completeness,Bibliographic metadata and topic-level placement reviewed; full-paper calibration not claimed
giacobazzi2000,article,2000,Roberto Giacobazzi and Francesco Ranzato and Francesca Scozzari,Making Abstract Interpretations Complete,Journal of the ACM,DOI: 10.1145/333979.333989,Observation and completeness,Bibliographic metadata and topic-level placement reviewed; full-paper calibration not claimed
giacobazzi2014,article,2014,Roberto Giacobazzi and Francesco Ranzato,Correctness Kernels of Abstract Interpretations,Information and Computation,DOI: 10.1016/j.ic.2014.02.003,Observation and completeness,"Complete same-venue calibration review; full Information and Computation paper inspected for theorem sequence, consequences, conclusion, and bibliography"
amato2011,article,2011,Gianluca Amato and Francesca Scozzari,Observational Completeness on Abstract Interpretation,Fundamenta Informaticae,DOI: 10.3233/FI-2011-381,An error bound is not yet an interface; Observation and completeness,Introduction and definitions inspected; partial reading only
ranzato2008,article,2008,Francesco Ranzato and Francesco Tapparo,Generalizing the {Paige--Tarjan} Algorithm by Abstract Interpretation,Information and Computation,DOI: 10.1016/j.ic.2008.01.001,Observation and completeness,"Complete same-venue calibration review; full Information and Computation paper inspected for abstraction/refinement mechanism, complexity, applications, conclusion, and bibliography"
highammary2022,article,2022,Nicholas J. Higham and Th{\'e}o Mary,Mixed Precision Algorithms in Numerical Linear Algebra,Acta Numerica,DOI: 10.1017/S0962492922000022,Mixed precision and the closest network work,Bibliographic metadata and topic-level placement reviewed; full-paper calibration not claimed
baboulin2009,article,2009,Marc Baboulin and Alfredo Buttari and Jack Dongarra and others,Accelerating Scientific Computations with Mixed Precision Algorithms,Computer Physics Communications,DOI: 10.1016/j.cpc.2008.11.005,Mixed precision and the closest network work,Bibliographic metadata and topic-level placement reviewed; full-paper calibration not claimed
kalamkar2019,misc,2019,Dhiraj Kalamkar and Dheevatsa Mudigere and Naveen Mellempudi and others,A Study of {BFLOAT16} for Deep Learning Training,{arXiv}:1905.12322,{arXiv}:1905.12322,Mixed precision and the closest network work,Bibliographic metadata and topic-level placement reviewed; full-paper calibration not claimed
valpey2025,inproceedings,2025,Benjamin Valpey and Xinyi Li and Sreepathi Pai and Ganesh Gopalakrishnan,An {SMT} Formalization of Mixed-Precision Matrix Multiplication: Modeling Three Generations of Tensor Cores,NASA Formal Methods,DOI: 10.1007/978-3-031-93706-4_21,Mixed precision and the closest network work,Bibliographic metadata and topic-level placement reviewed; full-paper calibration not claimed
zhang2025,inproceedings,2025,David K. Zhang and Alex Aiken,Automatic Verification of Floating-Point Accumulation Networks,Computer Aided Verification,DOI: 10.1007/978-3-031-98682-6_12,An error bound is not yet an interface; Mixed precision and the closest network work; One addition and a concrete collision,"Complete adjacent and closest-work review including printed appendix; publisher record and author PDF rechecked 2026-09-16 for formal object, guarantee, mechanism, evidence, and limitations"
hubrecht2026,misc,2026,Tom Hubrecht and Guillaume Melquiond,Verifying Code That Uses Error-Free Transformations,33rd IEEE Symposium on Computer Arithmetic,{HAL}: hal-05595721,Mixed precision and the closest network work,"HAL/author bibliographic record and complete author presentation inspected; direct article body remained blocked, so comparison is bounded and makes no firstness or subsumption claim"
martin2013,article,2013,{\'E}rik Martin-Dorel and Guillaume Melquiond and Jean-Michel Muller,Some Issues Related to Double Rounding,BIT Numerical Mathematics,DOI: 10.1007/s10543-013-0436-2,Mixed precision and the closest network work,"Complete adjacent-paper calibration review; full paper inspected for double-rounding cases, proof structure, consequences, conclusion, and bibliography"
park2026,misc,2026,Sehyeok Park and Jay P. Lim and Santosh Nagarakatte,Odd but Error-Free {FastTwoSum}: More General Conditions for {FastTwoSum} as an Error-Free Transformation for Faithful Rounding Modes,arXiv preprint,DOI: 10.48550/arXiv.2601.17198,Error-free transformations and expansions,"Complete current preprint inspected for theorem scope, rounding-mode assumptions, and distinction from the semantic split used here"
gilot2026stainless,inproceedings,2026,"Andrea Gilot and Axel Bergstr{\""o}m and Eva Darulova",Verifying Floating-Point Programs in {Stainless},Tools and Algorithms for the Construction and Analysis of Systems,DOI: 10.1007/978-3-032-22749-2_1,Formal floating-point verification,"Complete open-access chapter inspected for supported language features, benchmark source, result boundary, and artifact claim"
gilot2026github,article,2026,Andrea Gilot and Tobias Wrigstad and Eva Darulova,Floating-Point Usage on {GitHub}: A Large-Scale Study of Statically Typed Languages,Proceedings of the ACM on Programming Languages,DOI: 10.1145/3798203,Finite validation and scope,Complete open-access article inspected for benchmark representativeness findings and implications for claims about synthetic network suites
